Fuel Type Code,Station Name,City,State,ZIP,Status Code,Latitude,Longitude,Country,Georeference
ELEC,Tribeca Green,New York,NY,10282,E,40.71695,-74.014948,US,POINT (-74.014948 40.71695)
ELEC,LIN-DAN MORTY,New York,NY,10010,E,40.736161,-73.980267,US,POINT (-73.980267 40.736161)
ELEC,NYC FLEET DPR_ICAHN_3_L3,New York,NY,10035,E,40.7923,-73.92468,US,POINT (-73.92468 40.7923)
ELEC,GGMC Parking E 74th Street - Tesla Destination,New York,NY,10021,E,40.769947,-73.956989,US,POINT (-73.956989 40.769947)
ELEC,Propark 401 W 110th Street - Tesla Destination,New York,NY,10025,E,40.802151,-73.961705,US,POINT (-73.961705 40.802151)
ELEC,MPG 266 E 97 St - Tesla Destination,New York,NY,10021,E,40.785296,-73.947487,US,POINT (-73.947487 40.785296)
ELEC,Rapid Park - 204 W 101 st,New York,NY,10025,E,40.79743,-73.9687,US,POINT (-73.9687 40.79743)
ELEC,Astor Place,New York,NY,10003,E,40.7297,-73.991565,US,POINT (-73.991565 40.7297)
ELEC,iPark Eleventh Avenue Garage Corp. - Tesla Destination,New York,NY,10001,E,40.753049,-74.003333,US,POINT (-74.003333 40.753049)
ELEC,Laureate Garage,New York,NY,10023,E,40.78131,-73.980834,US,POINT (-73.980834 40.78131)
ELEC,Icon Parking 301 E 57 Street - Tesla Destination,New York,NY,10022,E,40.759127,-73.964684,US,POINT (-73.964684 40.759127)
ELEC,1 WATERLINE STATION#3,New York,NY,10069,E,40.773005,-73.992868,US,POINT (-73.992868 40.773005)
ELEC,New York Hilton Midtown - Tesla Destination,New York,NY,10019,E,40.762234,-73.979036,US,POINT (-73.979036 40.762234)
ELEC,Icon Parking Sutton 53 - Tesla Destination,New York,NY,10022,E,40.755363,-73.963841,US,POINT (-73.963841 40.755363)
ELEC,Chelnik Parking NYC 880 5th - Tesla Destination,New York,NY,10021,E,40.770292,-73.967735,US,POINT (-73.967735 40.770292)
ELEC,277 Park Avenue,New York,NY,10172,E,40.75519,-73.974142,US,POINT (-73.974142 40.75519)
ELEC,NYU NYU # 1,New York,NY,10012,E,40.72808,-73.99724,US,POINT (-73.99724 40.72808)
ELEC,550 W. 45th St.,New York,NY,10036,E,40.7624,-73.99635,US,POINT (-73.99635 40.7624)
ELEC,WATERLINE 2W STATION 2,New York,NY,10069,E,40.7733,-73.991532,US,POINT (-73.991532 40.7733)
ELEC,11 East 86th Street,New York,NY,10028,E,40.78147,-73.95986,US,POINT (-73.95986 40.78147)
ELEC,AAA NORTHEAST STATION1B,New York,NY,10034,E,40.870881,-73.912614,US,POINT (-73.912614 40.870881)
ELEC,532 W 122nd St,New York,NY,10027,E,40.811446,-73.960477,US,POINT (-73.960477 40.811446)
ELEC,Enterprise Parking 219 E 69th St - Tesla Destination,New York,NY,10065,E,40.767342,-73.960835,US,POINT (-73.960835 40.767342)
ELEC,Geneva on the Lake Resort,New York,NY,14456,E,42.848887,-76.980257,US,POINT (-76.980257 42.848887)
ELEC,Champion Parking 74 LLC - Tesla Destination,New York,NY,10023,E,40.780027,-73.982823,US,POINT (-73.982823 40.780027)
ELEC,iPark NYC The Carnegie Garage - Tesla Destination,New York,NY,10128,E,40.783536,-73.949507,US,POINT (-73.949507 40.783536)
ELEC,Icon Parking Wall Park - Tesla Destination,New York,NY,10005,E,40.705922,-74.010175,US,POINT (-74.010175 40.705922)
ELEC,Delancey and Essex Municipal Parking Garage,New York,NY,10002,E,40.719319,-73.988197,US,POINT (-73.988197 40.719319)
ELEC,GGMC Parking Union Square Parking Garage - Tesla Destination,New York,NY,10003,E,40.734939,-73.989409,US,POINT (-73.989409 40.734939)
ELEC,GGMC Parking 10 W 66th St Garage - Tesla Destination,New York,NY,10023,E,40.772742,-73.979503,US,POINT (-73.979503 40.772742)
ELEC,iPark NYC 44 Elizabeth Street - Tesla Destination,New York,NY,10013,E,40.716966,-73.996707,US,POINT (-73.996707 40.716966)
ELEC,Central Parking - 115 E 87th St,New York,NY,10128,E,40.780678,-73.956269,US,POINT (-73.956269 40.780678)
ELEC,Loews Regency New York - Tesla Destination,New York,NY,10065,E,40.764423,-73.968865,US,POINT (-73.968865 40.764423)
ELEC,iPark NYC 345 East Garage - Tesla Destination,New York,NY,10075,E,40.773225,-73.952643,US,POINT (-73.952643 40.773225)
ELEC,Icon Parking 279 East 65th Street - Tesla Destination,New York,NY,10065,E,40.764552,-73.962034,US,POINT (-73.962034 40.764552)
ELEC,Energy Plus Site 8,New York,NY,10023,E,40.781104,-73.984478,US,POINT (-73.984478 40.781104)
ELEC,GGMC 91 E 9th Street - Tesla Destination,New York,NY,10003,E,40.730723,-73.990854,US,POINT (-73.990854 40.730723)
ELEC,GGMC Parking Battery Place - Tesla Destination,New York,NY,10280,E,40.706965,-74.017971,US,POINT (-74.017971 40.706965)
ELEC,Peninsula New York,New York,NY,10019,E,40.761622,-73.975465,US,POINT (-73.975465 40.761622)
ELEC,GMC Parking Narragansett - Tesla Destination,New York,NY,10065,E,40.7758,-73.95087,US,POINT (-73.95087 40.7758)
ELEC,iPark NYC E 80th Street - Tesla Destination,New York,NY,10075,E,40.77331,-73.952621,US,POINT (-73.952621 40.77331)
ELEC,200 Liberty,New York,NY,10006,E,40.710179,-74.013169,US,POINT (-74.013169 40.710179)
ELEC,AAA NORTHEAST STATION3B,New York,NY,10034,E,40.870848,-73.912673,US,POINT (-73.912673 40.870848)
ELEC,Rapidpark 150 East 77th Street - Tesla Destination,New York,NY,10021,E,40.773256,-73.959334,US,POINT (-73.959334 40.773256)
ELEC,"MTP Parking, The Helena - Tesla Destination",New York,NY,10019,E,40.770709,-73.991725,US,POINT (-73.991725 40.770709)
ELEC,Icon Parking 200 E 32nd Street - Tesla Destination,New York,NY,10016,E,40.744916,-73.980228,US,POINT (-73.980228 40.744916)
ELEC,225 W 49th St,New York,NY,10019,E,40.76154,-73.98518,US,POINT (-73.98518 40.76154)
ELEC,Icon Parking 101 W 15th - Tesla Destination,New York,NY,10011,E,40.738371,-73.99688,US,POINT (-73.99688 40.738371)
ELEC,MTP 625 W 57th Street - Tesla Destination,New York,NY,10019,E,40.77108,-73.993142,US,POINT (-73.993142 40.77108)
ELEC,Parkit 200 West End Ave - Tesla Destination,New York,NY,10023,E,40.778221,-73.985072,US,POINT (-73.985072 40.778221)
ELEC,GGMC Parking 350 W 43rd Street Garage - Tesla Destination,New York,NY,10036,E,40.758586,-73.991341,US,POINT (-73.991341 40.758586)
ELEC,Rapidpark 920 Park Avenue - Tesla Destination,New York,NY,10025,E,40.776574,-73.96047,US,POINT (-73.96047 40.776574)
ELEC,Central Parking - 146 W 57th St,New York,NY,10019,E,40.764609,-73.979517,US,POINT (-73.979517 40.764609)
ELEC,498 E 67th St,New York,NY,10065,E,40.763723,-73.956354,US,POINT (-73.956354 40.763723)
ELEC,NYC FLEET DPR_ICAHN_1_L3,New York,NY,10035,E,40.792194,-73.92455,US,POINT (-73.92455 40.792194)
ELEC,411 West 55th St,New York,NY,10019,E,40.76709,-73.98733,US,POINT (-73.98733 40.76709)
ELEC,Icon Parking 51 W 22nd - Tesla Destination,New York,NY,10010,E,40.742059,-73.992694,US,POINT (-73.992694 40.742059)
ELEC,iPark 245 East 63rd Street - Tesla Destination,New York,NY,10025,E,40.76332,-73.962938,US,POINT (-73.962938 40.76332)
ELEC,Standard Parking 58 W 58th Street - Tesla Destination,New York,NY,10019,E,40.76476,-73.976153,US,POINT (-73.976153 40.76476)
ELEC,The Caledonia,New York,NY,10011,E,40.743832,-74.006578,US,POINT (-74.006578 40.743832)
ELEC,Prime Parking Systems - 155 E 68th Street - Tesla Destination,New York,NY,10065,E,40.767743,-73.963665,US,POINT (-73.963665 40.767743)
ELEC,1 WATERLINE STATION#4,New York,NY,10069,E,40.77292,-73.992546,US,POINT (-73.992546 40.77292)
ELEC,Icon Parking 150 E 58th Street - Tesla Destination,New York,NY,10155,E,40.76139,-73.968269,US,POINT (-73.968269 40.76139)
ELEC,Travelers Parking,New York,NY,10014,E,40.73491,-74.001634,US,POINT (-74.001634 40.73491)
ELEC,Rapidpark 210 W 102nd Street - Tesla Destination,New York,NY,10025,E,40.798108,-73.968204,US,POINT (-73.968204 40.798108)
ELEC,iPark 3 E 67th Street - Tesla Destination,New York,NY,10065,E,40.769061,-73.96876,US,POINT (-73.96876 40.769061)
ELEC,Icon Parking E 48th Street - Tesla Destination,New York,NY,10017,E,40.753079,-73.968032,US,POINT (-73.968032 40.753079)
ELEC,Icon Parking 203 E 61 Street - Tesla Destination,New York,NY,10021,E,40.762678,-73.965447,US,POINT (-73.965447 40.762678)
ELEC,Bridge Towers Location 1,New York,NY,10033,E,40.848202,-73.935857,US,POINT (-73.935857 40.848202)
ELEC,333 E 75th St.,New York,NY,10021,E,40.7702,-73.95525,US,POINT (-73.95525 40.7702)
ELEC,E 47th Street - Tesla Supercharger,New York,NY,10017,E,40.753356,-73.971685,US,POINT (-73.971685 40.753356)
ELEC,Waldorf Astoria New York - Tesla Destination,New York,NY,10022,E,40.756722,-73.97406,US,POINT (-73.97406 40.756722)
ELEC,Parkright 300 E 77th St - Tesla Destination,New York,NY,10075,E,40.771794,-73.955624,US,POINT (-73.955624 40.771794)
ELEC,Icon Parking 40 W 26th Street - Tesla Destination,New York,NY,10010,E,40.744467,-73.990662,US,POINT (-73.990662 40.744467)
ELEC,Rapidpark 70 Riverside Dr - Tesla Destination,New York,NY,10024,E,40.784831,-73.982085,US,POINT (-73.982085 40.784831)
ELEC,LIN-DAN RICK,New York,NY,10010,E,40.736148,-73.980154,US,POINT (-73.980154 40.736148)
ELEC,4 W 93rd St,New York,NY,10025,E,40.789958,-73.966488,US,POINT (-73.966488 40.789958)
ELEC,First Avenue Parking,New York,NY,10016,E,40.745096,-73.971921,US,POINT (-73.971921 40.745096)
ELEC,GMC 111 E 82nd St - Tesla Destination,New York,NY,10065,E,40.77735,-73.958352,US,POINT (-73.958352 40.77735)
ELEC,Beltmont Parking,New York,NY,10028,E,40.773472,-73.955287,US,POINT (-73.955287 40.773472)
ELEC,Parkit 221 Thompson Street - Tesla Destination,New York,NY,10012,E,40.729234,-73.999013,US,POINT (-73.999013 40.729234)
ELEC,1 WATERLINE STATION#1,New York,NY,10069,E,40.772896,-73.992536,US,POINT (-73.992536 40.772896)
ELEC,92746 CHARGEPOINT 2,New York,NY,10065,E,40.764945,-73.960624,US,POINT (-73.960624 40.764945)
ELEC,iPark NYC 1025 83rd - Tesla Destination,New York,NY,10028,E,40.779211,-73.960949,US,POINT (-73.960949 40.779211)
ELEC,Icon Parking 14-26 William Street - Tesla Destination,New York,NY,10004,E,40.704514,-74.01074,US,POINT (-74.01074 40.704514)
ELEC,449 East 49th Street,New York,NY,10022,E,40.75267,-73.96482,US,POINT (-73.96482 40.75267)
ELEC,Residence Inn New York Manhattan - Tesla Destination,New York,NY,10019,E,40.764261,-73.982974,US,POINT (-73.982974 40.764261)
ELEC,Icon 376 Greenwich Street - Tesla Destination,New York,NY,10013,E,40.719825,-74.010137,US,POINT (-74.010137 40.719825)
ELEC,imPark 422 E 79th Street - Tesla Destination,New York,NY,10075,E,40.771879,-73.951627,US,POINT (-73.951627 40.771879)
ELEC,AAA NORTHEAST STATION2A,New York,NY,10034,E,40.870879,-73.912589,US,POINT (-73.912589 40.870879)
ELEC,Park-it Area Garage - Tesla Destination,New York,NY,10002,E,40.715645,-73.98081,US,POINT (-73.9808096971768 40.7156449097173)
ELEC,iPark 200 West Garage Corp. - Tesla Destination,New York,NY,10001,E,40.746304,-73.995064,US,POINT (-73.995064 40.746304)
ELEC,MPG 10 E 102nd Street - Tesla Destination,New York,NY,10029,E,40.79136,-73.952155,US,POINT (-73.952155 40.79136)
ELEC,GGMC Parking Carnegie Garage - Tesla Destination,New York,NY,10128,E,40.78567,-73.954593,US,POINT (-73.954593 40.78567)
ELEC,iPark 200 E 70th Street - Tesla Destination,New York,NY,10021,E,40.768283,-73.961149,US,POINT (-73.961149 40.768283)
ELEC,iPark NYC 425 E 58th Street - Tesla Destination,New York,NY,10022,E,40.758519,-73.961272,US,POINT (-73.961272 40.758519)
ELEC,MPG 530 West 30th - Tesla Destination,New York,NY,10001,E,40.75277,-74.00265,US,POINT (-74.00265 40.75277)
ELEC,4 W 21st St.,New York,NY,10010,E,40.74057,-73.99147,US,POINT (-73.99147 40.74057)
ELEC,1 WATERLINE STATION#2,New York,NY,10069,E,40.772952,-73.992622,US,POINT (-73.992622 40.772952)
ELEC,Rapidpark 10 E 30th Street - Tesla Destination,New York,NY,10016,E,40.74556,-73.985539,US,POINT (-73.985539 40.74556)
ELEC,Quik Park 86th St. LLC - Tesla Destination,New York,NY,10028,E,40.775968,-73.947846,US,POINT (-73.947846 40.775968)
ELEC,Central Parking - Tower 31,New York,NY,10001,E,40.74709,-73.98667,US,POINT (-73.98667 40.74709)
ELEC,301 E. 79th St.,New York,NY,10075,E,40.76939,-73.96546,US,POINT (-73.96546 40.76939)
ELEC,NYC FLEET DPR_ICAHN_2_L3,New York,NY,10035,E,40.79237,-73.924644,US,POINT (-73.924644 40.79237)
ELEC,Central Parking - 58 West 58th St,New York,NY,10019,E,40.764655,-73.9761,US,POINT (-73.9761 40.764655)
ELEC,Champion Parking 90 LLC - Tesla Destination,New York,NY,10028,E,40.783085,-73.956304,US,POINT (-73.956304 40.783085)
ELEC,ABM Parking 475 Park Ave South LLC - Tesla Destination,New York,NY,10016,E,40.745603,-73.98185,US,POINT (-73.98185 40.745603)
ELEC,GGMC Parking Alfred - Tesla Destination,New York,NY,10023,E,40.771555,-73.986428,US,POINT (-73.986428 40.771555)
ELEC,ABM Parking 13 East 54th Street LLC - Tesla Destination,New York,NY,10022,E,40.760648,-73.974193,US,POINT (-73.974193 40.760648)
ELEC,Quikpark 173 W 12th Street - Tesla Destination,New York,NY,10011,E,40.737108,-74.000358,US,POINT (-74.000358 40.737108)
ELEC,AAA NORTHEAST STATION4A,New York,NY,10034,E,40.870909,-73.91266,US,POINT (-73.91266 40.870909)
ELEC,iPark 314 W 120th Street - Tesla Destination,New York,NY,10025,E,40.807356,-73.954354,US,POINT (-73.954354 40.807356)
ELEC,Rapidpark 254 W 79th Street - Tesla Destination,New York,NY,10024,E,40.78411,-73.980641,US,POINT (-73.980641 40.78411)
ELEC,ABELENORTHSIDE STATION 3,New York,NY,12065,E,42.864619,-73.770335,US,POINT (-73.770335 42.864619)
ELEC,Champion Parking 60 E 8th - Tesla Destination,New York,NY,10003,E,40.730487,-73.993569,US,POINT (-73.993569 40.730487)
ELEC,Parkit 310 E 11th Street - Tesla Destination,New York,NY,10003,E,40.730017,-73.985512,US,POINT (-73.985512 40.730017)
ELEC,W 75th Parking Garage - Tesla Supercharger,New York,NY,10023,E,40.780976,-73.980414,US,POINT (-73.980414 40.780976)
ELEC,200 East End Ave,New York,NY,10128,E,40.77729,-73.94355,US,POINT (-73.94355 40.77729)
ELEC,Central Parking 200 Chambers - Tesla Destination,New York,NY,10007,E,40.716256,-74.012543,US,POINT (-74.012543 40.716256)
ELEC,Icon 9-11 Park Ave - Tesla Destination,New York,NY,10016,E,40.747299,-73.981039,US,POINT (-73.981039 40.747299)
ELEC,GGMC Parking 415 E 79th - Tesla Destination,New York,NY,10075,E,40.771918,-73.951679,US,POINT (-73.951679 40.771918)
ELEC,GGMC Ruppert Car Park - Tesla Destination,New York,NY,10128,E,40.78098,-73.951145,US,POINT (-73.951145 40.78098)
ELEC,Icon Parking 330 E 39th Street - Tesla Destination,New York,NY,10016,E,40.746851,-73.972901,US,POINT (-73.972901 40.746851)
ELEC,MPG 543 W 110th Street Garage - Tesla Destination,New York,NY,10025,E,40.803963,-73.966032,US,POINT (-73.966032 40.803963)
ELEC,MP 102 LLC MP 102 LLC,New York,NY,10029,E,40.791267,-73.952039,US,POINT (-73.952039 40.791267)
ELEC,GGMC Yorkville Car Park - Tesla Destination,New York,NY,10128,E,40.782212,-73.95023,US,POINT (-73.95023 40.782212)
ELEC,Glenwood Management - Paramount Garage,New York,NY,10016,E,40.74793,-73.974556,US,POINT (-73.974556 40.74793)
ELEC,Parkit 403 Lafayette St. - Tesla Destination,New York,NY,10003,E,40.728287,-73.992746,US,POINT (-73.992746 40.728287)
ELEC,Icon Parking 70 Gold Street - Tesla Destination,New York,NY,10038,E,40.710019,-74.004385,US,POINT (-74.004385 40.710019)
ELEC,TATABROOKFIELD #6,New York,NY,10044,E,40.75516,-73.955605,US,POINT (-73.955605 40.75516)
ELEC,Icon Parking - 111 Eighth Avenue,New York,NY,10011,E,40.741421,-74.003186,US,POINT (-74.003186 40.741421)
ELEC,Icon Parking 515 E 72nd Street - Tesla Destination,New York,NY,10021,E,40.766545,-73.95292,US,POINT (-73.95292 40.766545)
ELEC,250 Vesey,New York,NY,10281,E,40.714113,-74.01581,US,POINT (-74.01581 40.714113)
ELEC,MPG 121 Reade Street - Tesla Destination,New York,NY,10013,E,40.716268,-74.009491,US,POINT (-74.009491 40.716268)
ELEC,TATABROOKFIELD #7,New York,NY,10044,E,40.755314,-73.955605,US,POINT (-73.955605 40.755314)
ELEC,Champion Parking E 16th Street - Tesla Destination,New York,NY,10003,E,40.735736,-73.988745,US,POINT (-73.988745 40.735736)
ELEC,420 E. 53rd St.,New York,NY,10022,E,40.75527,-73.96386,US,POINT (-73.96386 40.75527)
ELEC,City Parking Garment One Garage - Tesla Destination,New York,NY,10016,E,40.746022,-73.978693,US,POINT (-73.978693 40.746022)
ELEC,Rapidpark 340 94th Street - Tesla Destination,New York,NY,10128,E,40.782091,-73.946029,US,POINT (-73.946029 40.782091)
ELEC,Standard Parking 270 Greenwich - Tesla Destination,New York,NY,10007,E,40.715071,-74.012203,US,POINT (-74.012203 40.715071)
ELEC,Quik Park 32 Debrosses LLC - Tesla Destination,New York,NY,10013,E,40.723617,-74.010915,US,POINT (-74.010915 40.723617)
ELEC,Strathmore,New York,NY,10028,E,40.775203,-73.950295,US,POINT (-73.950295 40.775203)
ELEC,GGMC Parking - 550 W 25th - Tesla Destination,New York,NY,10001,E,40.74979,-74.005335,US,POINT (-74.005335 40.74979)
ELEC,Icon Parking 5 E 22nd Street - Tesla Destination,New York,NY,10010,E,40.740458,-73.989037,US,POINT (-73.989037 40.740458)
ELEC,Icon Parking 30 W 63rd St - Tesla Destination,New York,NY,10023,E,40.770772,-73.981795,US,POINT (-73.981795 40.770772)
ELEC,STATION 4TH FL MOTORGATE #2,New York,NY,10044,E,40.764208,-73.947198,US,POINT (-73.947198 40.764208)
ELEC,Sutton Place North Garage - Tesla Destination,New York,NY,10022,E,40.75552,-73.962734,US,POINT (-73.962734 40.75552)
ELEC,Glenwood Belmont Parking - Tesla Destination,New York,NY,10021,E,40.760098,-73.988828,US,POINT (-73.988828 40.760098)
ELEC,STATION 4TH FL MOTORGATE #1,New York,NY,10044,E,40.764429,-73.946793,US,POINT (-73.946793 40.764429)
ELEC,Icon Parking 990 Ave of the Americas - Tesla Destination,New York,NY,10018,E,40.750844,-73.986188,US,POINT (-73.986188 40.750844)
ELEC,44 W 62nd St.,New York,NY,10023,E,40.7708,-73.98323,US,POINT (-73.98323 40.7708)
ELEC,182 E 73rd St,New York,NY,10021,E,40.77049,-73.96077,US,POINT (-73.96077 40.77049)
ELEC,Icon Parking E 88th Street - Tesla Destination,New York,NY,10128,E,40.776461,-73.944363,US,POINT (-73.944363 40.776461)
ELEC,Carnegie Hill,New York,NY,10128,E,40.784865,-73.948526,US,POINT (-73.948526 40.784865)
ELEC,Rapidpark 99 Park Ave - Tesla Destination,New York,NY,10016,E,40.750013,-73.978525,US,POINT (-73.978525 40.750013)
ELEC,170 E End Ave,New York,NY,10128,E,40.775792,-73.944015,US,POINT (-73.944015 40.775792)
ELEC,iPark NYC 400 E 35th NYU - Tesla Destination,New York,NY,10016,E,40.743971,-73.971882,US,POINT (-73.971882 40.743971)
ELEC,TATABROOKFIELD GATEWAY #1,New York,NY,10044,E,40.755024,-73.955605,US,POINT (-73.955605 40.755024)
ELEC,Gotham Parking,New York,NY,10036,E,40.762307,-73.996615,US,POINT (-73.996615 40.762307)
ELEC,Champion Parking 230 W 55th Street - Tesla Destination,New York,NY,10019,E,40.764748,-73.982676,US,POINT (-73.982676 40.764748)
ELEC,iPark - 67th Street,New York,NY,10065,E,40.769134,-73.968707,US,POINT (-73.968707 40.769134)
ELEC,imPark 611 E 83rd Street - Tesla Destination,New York,NY,10028,E,40.772681,-73.945488,US,POINT (-73.945488 40.772681)
ELEC,Park N Go - E 121 St - Tesla Destination,New York,NY,10035,E,40.800793,-73.9371,US,POINT (-73.9371 40.800793)
ELEC,Superior Ink,New York,NY,10014,E,40.737537,-74.00983,US,POINT (-74.00983 40.737537)
ELEC,ABELENORTHSIDE STATION 1,New York,NY,12065,E,42.864644,-73.770347,US,POINT (-73.770347 42.864644)
ELEC,Quik Park 82nd Street LLC - Tesla Destination,New York,NY,10028,E,40.774511,-73.952039,US,POINT (-73.952039 40.774511)
CNG,Con Edison - W 29th St Service Center,New York,NY,10001,E,40.752903,-74.005831,US,POINT (-74.005831 40.752903)
ELEC,iPark NYU 377 E 33rd Street - Tesla Destination,New York,NY,10016,E,40.743405,-73.974735,US,POINT (-73.974735 40.743405)
ELEC,Roger Smith Hotel - Tesla Destination,New York,NY,10017,E,40.754709,-73.973391,US,POINT (-73.973391 40.754709)
ELEC,iPark 112 E 65th Street - Tesla Destination,New York,NY,10065,E,40.766495,-73.9667,US,POINT (-73.9667 40.766495)
ELEC,Parkit 575 Washington - Tesla Destination,New York,NY,10014,E,40.729364,-74.008513,US,POINT (-74.008513 40.729364)
ELEC,Icon Mercury Parking,New York,NY,10019,E,40.763244,-73.988647,US,POINT (-73.988647 40.763244)
ELEC,115 Fort Washington Ave,New York,NY,10032,E,40.839756,-73.943345,US,POINT (-73.943345 40.839756)
ELEC,AAA NORTHEAST STATION1A,New York,NY,10034,E,40.870847,-73.912628,US,POINT (-73.912628 40.870847)
ELEC,337 E 64th St.,New York,NY,10065,E,40.76327,-73.96024,US,POINT (-73.96024 40.76327)
ELEC,City Parking E 61st Street - Tesla Destination,New York,NY,10065,E,40.760289,-73.959501,US,POINT (-73.959501 40.760289)
ELEC,110 East End Ave,New York,NY,10028,E,40.77447,-73.94599,US,POINT (-73.94599 40.77447)
ELEC,GGMC Parking Stewart House Garage - Tesla Destination,New York,NY,10003,E,40.731257,-73.992101,US,POINT (-73.992101 40.731257)
ELEC,Icon Parking OMNI - Tesla Destination,New York,NY,10023,E,40.77592,-73.98313,US,POINT (-73.98313 40.77592)
ELEC,SP+ - 200 Chambers Street Garage,New York,NY,10007,E,40.7163,-74.01258,US,POINT (-74.01258 40.7163)
ELEC,iPark NYC E 77th Street - Tesla Destination,New York,NY,10014,E,40.773415,-73.959234,US,POINT (-73.959234 40.773415)
ELEC,231 E 94th Street,New York,NY,10128,E,40.78351,-73.94888,US,POINT (-73.94888 40.78351)
ELEC,City Parking RL Mercer Street - Tesla Destination,New York,NY,10025,E,40.721437,-74.001238,US,POINT (-74.001238 40.721437)
ELEC,Quik Park Hudson 180 LLC - Tesla Destination,New York,NY,10069,E,40.778412,-73.988294,US,POINT (-73.988294 40.778412)
ELEC,20RTAC GARAGE BOTTOM,New York,NY,10282,E,40.716131,-74.015548,US,POINT (-74.015548 40.716131)
ELEC,10 East 30th St,New York,NY,10016,E,40.74538,-73.98571,US,POINT (-73.98571 40.74538)
ELEC,Quik Park Little West LLC - Tesla Destination,New York,NY,10280,E,40.70663,-74.016916,US,POINT (-74.016916 40.70663)
ELEC,Rapidpark 204 W 101st Street - Tesla Destination,New York,NY,10025,E,40.797359,-73.968718,US,POINT (-73.968718 40.797359)
ELEC,Rapidpark 9-11 W 100th Street - Tesla Destination,New York,NY,10024,E,40.794519,-73.963445,US,POINT (-73.963445 40.794519)
ELEC,Champion Parking 60 East End Avenue - Tesla Destination,New York,NY,10028,E,40.772712,-73.947045,US,POINT (-73.947045 40.772712)
ELEC,Icon Parking 16 W 16th Street - Tesla Destination,New York,NY,10011,E,40.737891,-73.994058,US,POINT (-73.994058 40.737891)
ELEC,Icon Parking 12 East 9th Street - Tesla Destination,New York,NY,10003,E,40.732519,-73.995135,US,POINT (-73.995135 40.732519)
ELEC,171 E 84th St,New York,NY,10028,E,40.77798,-73.95555,US,POINT (-73.95555 40.77798)
ELEC,Beekman Parking,New York,NY,10022,E,40.754022,-73.965166,US,POINT (-73.965166 40.754022)
ELEC,iPark 650 Parking Corp - Tesla Destination,New York,NY,10065,E,40.768144,-73.966736,US,POINT (-73.966736 40.768144)
ELEC,Icon 80 Riverside Blvd - Tesla Destination,New York,NY,10069,E,40.775374,-73.989687,US,POINT (-73.989687 40.775374)
ELEC,iPark 530 E 80th Street - Tesla Destination,New York,NY,10075,E,40.771382,-73.948344,US,POINT (-73.948344 40.771382)
ELEC,Rapidpark 148 E 33rd Street - Tesla Destination,New York,NY,10016,E,40.745432,-73.97956,US,POINT (-73.97956 40.745432)
ELEC,Icon Parking 101 West End Ave - Tesla Destination,New York,NY,10023,E,40.775065,-73.988572,US,POINT (-73.988572 40.775065)
ELEC,Champion Parking W 76th Street - Tesla Destination,New York,NY,10023,E,40.781547,-73.980475,US,POINT (-73.980475 40.781547)
ELEC,Icon Parking 1056 5th Avenue - Tesla Destination,New York,NY,10028,E,40.782031,-73.959484,US,POINT (-73.959484 40.782031)
ELEC,Parkright 670 W 43rd Street - Tesla Destination,New York,NY,10036,E,40.762189,-73.999714,US,POINT (-73.999714 40.762189)
ELEC,MPG 340 East 93rd - Tesla Destination,New York,NY,10128,E,40.781413,-73.946377,US,POINT (-73.946377 40.781413)
ELEC,Rapidpark 25-27 Beekman Street - Tesla Destination,New York,NY,10038,E,40.710786,-74.006017,US,POINT (-74.006017 40.710786)
ELEC,Highrise Parking,New York,NY,10023,E,40.777905,-73.982299,US,POINT (-73.982299 40.777905)
ELEC,The St. Regis,New York,NY,10022,E,40.761397,-73.974612,US,POINT (-73.974612 40.761397)
ELEC,MPG 500 West 30th - Tesla Destination,New York,NY,10001,E,40.752205,-74.001493,US,POINT (-74.001493 40.752205)
ELEC,iPark NYC 455 Central Park West - Tesla Destination,New York,NY,10025,E,40.797771,-73.96142,US,POINT (-73.96142 40.797771)
ELEC,Quik Park Garden Lots LLC - Tesla Destination,New York,NY,10001,E,40.749073,-73.990032,US,POINT (-73.990032 40.749073)
ELEC,181 E 73rd Street,New York,NY,10021,E,40.77082,-73.96068,US,POINT (-73.96068 40.77082)
ELEC,435 E. 55th St.,New York,NY,10022,E,40.75657,-73.96226,US,POINT (-73.96226 40.75657)
ELEC,Icon Parking 155 E 29th Street - Tesla Destination,New York,NY,10016,E,40.742821,-73.980913,US,POINT (-73.980913 40.742821)
ELEC,AAA NORTHEAST STATION4B,New York,NY,10034,E,40.870842,-73.912571,US,POINT (-73.912571 40.870842)
ELEC,TATABROOKFIELD #5,New York,NY,10044,E,40.755142,-73.9556,US,POINT (-73.9556 40.755142)
ELEC,Icon Parking 220 Riverside Blvd - Tesla Destination,New York,NY,10024,E,40.779338,-73.987493,US,POINT (-73.987493 40.779338)
ELEC,iPark NYC 61 Jane Street - Tesla Destination,New York,NY,10014,E,40.738733,-74.006009,US,POINT (-74.006009 40.738733)
ELEC,iPark - Enterprise Parking,New York,NY,10016,E,40.748359,-73.972213,US,POINT (-73.972213 40.748359)
ELEC,Icon Parking 111 8th Ave Parking - Tesla Destination,New York,NY,10011,E,40.741515,-74.004608,US,POINT (-74.004608 40.741515)
ELEC,Standard Parking 20 W 13th Street - Tesla Destination,New York,NY,10011,E,40.735706,-73.995058,US,POINT (-73.995058 40.735706)
ELEC,GGMC Parking Connaught - Tesla Destination,New York,NY,10022,E,40.757146,-73.966135,US,POINT (-73.966135 40.757146)
ELEC,Rapidpark 600 Columbus Ave-QBDestinationSiteID52405 - Tesla Destination,New York,NY,10024,E,40.788614,-73.97118,US,POINT (-73.97118 40.788614)
ELEC,Icon Parking 330 W 58th Street - Tesla Destination,New York,NY,10019,E,40.767879,-73.983656,US,POINT (-73.983656 40.767879)
ELEC,iPark NYC 549 W 23rd Street - Tesla Destination,New York,NY,10011,E,40.749255,-74.005914,US,POINT (-74.005914 40.749255)
ELEC,Rapidpark 480 Riverside (120th St) - Tesla Destination,New York,NY,10027,E,40.811187,-73.963571,US,POINT (-73.963571 40.811187)
ELEC,Icon Parking 308 Greenwich - Tesla Destination,New York,NY,10013,E,40.717686,-74.010613,US,POINT (-74.010613 40.717686)
ELEC,iPark 41 E 85th Street - Tesla Destination,New York,NY,10028,E,40.779876,-73.958579,US,POINT (-73.958579 40.779876)
ELEC,Mott Street Parking - Tesla Supercharger,New York,NY,10013,E,40.717522,-73.997302,US,POINT (-73.997302 40.717522)
ELEC,Central Parking - 350 E 30th Street,New York,NY,10016,E,40.741065,-73.975788,US,POINT (-73.975788 40.741065)
ELEC,210 W 76th St.,New York,NY,10023,E,40.78126,-73.98044,US,POINT (-73.98044 40.78126)
ELEC,Manhattan Parking 110 LLC - Tesla Destination,New York,NY,10025,E,40.803934,-73.966049,US,POINT (-73.966049 40.803934)
ELEC,55 East End Ave,New York,NY,10028,E,40.772,-73.94639,US,POINT (-73.94639 40.772)
ELEC,iPark NYC 246 E 45 Street - Tesla Destination,New York,NY,10017,E,40.751847,-73.971348,US,POINT (-73.971348 40.751847)
ELEC,Rapidpark 411 W 55th Street - Tesla Destination,New York,NY,10019,E,40.766971,-73.987441,US,POINT (-73.987441 40.766971)
ELEC,Quik Park 1133 Garage LLC - Tesla Destination,New York,NY,10036,E,40.755856,-73.984313,US,POINT (-73.984313 40.755856)
ELEC,Quik Park Broadway Garage LLC - Tesla Destination,New York,NY,10019,E,40.765844,-73.982481,US,POINT (-73.982481 40.765844)
ELEC,iPark 107 West 13th Street - Tesla Destination,New York,NY,10011,E,40.736973,-73.99787,US,POINT (-73.99787 40.736973)
ELEC,RapidPark 600 Columbus Ave-QBDestinationSiteID18637 - Tesla Destination,New York,NY,10128,E,40.78859,-73.97118,US,POINT (-73.97118 40.78859)
ELEC,"The Standard, East Village - Tesla Destination",New York,NY,10004,E,40.727797,-73.990746,US,POINT (-73.990746 40.727797)
ELEC,MB MANHATTAN MB MANHATTANDC2,New York,NY,10019,E,40.768058,-73.992735,US,POINT (-73.992735 40.768058)
CNG,Con Edison - E 16th St Service Center,New York,NY,10009,E,40.729175,-73.97331,US,POINT (-73.97331 40.729175)
ELEC,GMC 400 East 56th Street,New York,NY,10022,E,40.757223,-73.963011,US,POINT (-73.963011 40.757223)
ELEC,AAA NORTHEAST STATION3A,New York,NY,10034,E,40.870827,-73.912633,US,POINT (-73.912633 40.870827)
ELEC,Rapidpark 351 East 83rd - Tesla Destination,New York,NY,10028,E,40.775123,-73.951193,US,POINT (-73.951193 40.775123)
ELEC,Enterprise Parking 200 E 69th St - Tesla Destination,New York,NY,10065,E,40.767615,-73.961509,US,POINT (-73.961509 40.767615)
ELEC,iPark NYC 183 E 73rd Street - Tesla Destination,New York,NY,10021,E,40.770601,-73.960531,US,POINT (-73.960531 40.770601)
ELEC,Discover 97 Parking LLC,New York,NY,10025,E,40.793416,-73.967719,US,POINT (-73.967719 40.793416)
ELEC,STATION 4TH FL MOTORGATE 3,New York,NY,10044,E,40.764464,-73.946924,US,POINT (-73.946924 40.764464)
ELEC,ABM Parking Services 285 W 50th Street LLC - Tesla Destination,New York,NY,10019,E,40.762411,-73.984495,US,POINT (-73.984495 40.762411)
ELEC,Champion Parking W 57th Street - Tesla Destination,New York,NY,10019,E,40.76696,-73.983569,US,POINT (-73.983569 40.76696)
ELEC,Parkright 169 Ludlow Street - Tesla Destination,New York,NY,10012,E,40.721713,-73.987533,US,POINT (-73.987533 40.721713)
ELEC,GGMC The Cove - Tesla Destination,New York,NY,10280,E,40.707738,-74.016845,US,POINT (-74.016845 40.707738)
ELEC,ABM Parking 866 UN Plaza - Tesla Destination,New York,NY,10017,E,40.752641,-73.965187,US,POINT (-73.965187 40.752641)
ELEC,Icon Parking 54 Murray Street - Tesla Destination,New York,NY,10007,E,40.714266,-74.009921,US,POINT (-74.009921 40.714266)
ELEC,Icon Parking 322 23rd Street - Tesla Destination,New York,NY,10010,E,40.737533,-73.980437,US,POINT (-73.980437 40.737533)
ELEC,Icon Liberty View Parking - Tesla Destination,New York,NY,10016,E,40.716079,-74.015929,US,POINT (-74.015929 40.716079)
ELEC,Icon Parking E 72nd Street - Tesla Destination,New York,NY,10021,E,40.766554,-73.952905,US,POINT (-73.952905 40.766554)
ELEC,Icon Parking 55 W 14th Street - Tesla Destination,New York,NY,10011,E,40.737122,-73.996119,US,POINT (-73.996119 40.737122)
ELEC,Icon Parking 237 West Thames - Tesla Destination,New York,NY,10280,E,40.708165,-74.016641,US,POINT (-74.016641 40.708165)
ELEC,Coliseum Park Apts - Central Parking,New York,NY,10019,E,40.768432,-73.984033,US,POINT (-73.984033 40.768432)
ELEC,GMC Parking 420 E 53rd - Tesla Destination,New York,NY,10022,E,40.755289,-73.963804,US,POINT (-73.963804 40.755289)
ELEC,Rapidpark 575 1st Avenue - Tesla Destination,New York,NY,10016,E,40.742735,-73.974296,US,POINT (-73.974296 40.742735)
ELEC,Quik Park 808 Garage LLC - Tesla Destination,New York,NY,10025,E,40.793877,-73.967498,US,POINT (-73.967498 40.793877)
ELEC,Rapidpark 15 W 72nd Street - Tesla Destination,New York,NY,10023,E,40.776813,-73.977083,US,POINT (-73.977083 40.776813)
ELEC,MPG Parking,New York,NY,10036,E,40.758967,-73.995189,US,POINT (-73.995189 40.758967)
ELEC,203 E 71st St.,New York,NY,10021,E,40.76894,-73.96047,US,POINT (-73.96047 40.76894)
ELEC,1345 Parking Garage - Tesla Destination,New York,NY,10105,E,40.76351,-73.979364,US,POINT (-73.979364 40.76351)
ELEC,EastSide Parking LLC.,New York,NY,10022,E,40.755627,-73.961468,US,POINT (-73.961468 40.755627)
ELEC,575 1st Ave,New York,NY,10016,E,40.74282,-73.97438,US,POINT (-73.97438 40.74282)
ELEC,Lincoln Square Garage,New York,NY,10023,E,40.776152,-73.98282,US,POINT (-73.98282 40.776152)
ELEC,GMC Copley Parking - Tesla Destination,New York,NY,10023,E,40.775283,-73.981627,US,POINT (-73.981627 40.775283)
ELEC,Quik Park West 57 LLC - Tesla Destination,New York,NY,10019,E,40.764259,-73.974972,US,POINT (-73.974972 40.764259)
ELEC,"The Carlyle Hotel, A Rosewood Hotel - Tesla Destination",New York,NY,10021,E,40.77438,-73.963157,US,POINT (-73.963157 40.77438)
ELEC,iPark NYC 250 West Parking - Tesla Destination,New York,NY,10011,E,40.742407,-73.999351,US,POINT (-73.999351 40.742407)
ELEC,iPark 455 Central Park West - Tesla Destination,New York,NY,10025,E,40.797743,-73.960441,US,POINT (-73.960441 40.797743)
ELEC,Parkright 738 Greenwich Street - Tesla Destination,New York,NY,10014,E,40.734412,-74.007184,US,POINT (-74.007184 40.734412)
ELEC,TATABROOKFIELD #2,New York,NY,10044,E,40.755077,-73.955605,US,POINT (-73.955605 40.755077)
ELEC,320 Mason Ave,New York,NY,10305,E,40.584984,-74.088044,US,POINT (-74.0880435921124 40.5849843769658)
ELEC,Rapid Park - 205 W 101 st,New York,NY,10025,E,40.79766,-73.96838,US,POINT (-73.96838 40.79766)
ELEC,20RTAC GARAGE TOP,New York,NY,10282,E,40.716132,-74.015557,US,POINT (-74.015557 40.716132)
ELEC,Apple West Parking,New York,NY,10025,E,40.795783,-73.973678,US,POINT (-73.973678 40.795783)
ELEC,GGMC Parking 51-53 E 76th St Carlyle Hotel - Tesla Destination,New York,NY,10021,E,40.774207,-73.96282,US,POINT (-73.96282 40.774207)
ELEC,Central Parking - 109 E 58th Street,New York,NY,10022,E,40.762254,-73.970024,US,POINT (-73.970024 40.762254)
ELEC,TATABROOKFIELD #4,New York,NY,10044,E,40.755108,-73.955605,US,POINT (-73.955605 40.755108)
ELEC,Icon Parking - Claridge 87 Parking,New York,NY,10128,E,40.779687,-73.952595,US,POINT (-73.952595 40.779687)
ELEC,iPark - 59 Allen Street Garage,New York,NY,10002,E,40.717195,-73.991658,US,POINT (-73.991658 40.717195)
ELEC,Icon Parking 100 Riverside Blvd. - Tesla Destination,New York,NY,10024,E,40.775474,-73.989763,US,POINT (-73.989763 40.775474)
ELEC,Icon Parking 810 Seventh Ave - Tesla Destination,New York,NY,10019,E,40.762568,-73.982718,US,POINT (-73.982718 40.762568)
ELEC,Icon Parking University 10 Parking - Tesla Destination,New York,NY,10003,E,40.731887,-73.991906,US,POINT (-73.991906 40.731887)
ELEC,Standard Parking Gateway Plaza Garage - Tesla Destination,New York,NY,10280,E,40.711145,-74.016332,US,POINT (-74.016332 40.711145)
ELEC,Minetta Garage,New York,NY,10012,E,40.731379,-74.000704,US,POINT (-74.000704 40.731379)
ELEC,Quik Park 40 Riverside Blvd - Tesla Destination,New York,NY,10282,E,40.77373,-73.989713,US,POINT (-73.989713 40.77373)
ELEC,GGMC Parking Seven Eleven (Located at 217 E 44th St) - Tesla Destination,New York,NY,10017,E,40.751867,-73.972873,US,POINT (-73.972873 40.751867)
ELEC,Icon Parking 560 Third Ave - Tesla Destination,New York,NY,10016,E,40.747962,-73.976569,US,POINT (-73.976569 40.747962)
ELEC,GGMC Parking 50 E 79th St Garage - Tesla Destination,New York,NY,10075,E,40.776006,-73.961627,US,POINT (-73.961627 40.776006)
ELEC,Duford Studios,New York,NY,10028,E,40.777737,-73.957413,US,POINT (-73.957413 40.777737)
ELEC,Parkit 301 E 64th - Tesla Destination,New York,NY,10065,E,40.763488,-73.961323,US,POINT (-73.961323 40.763488)
ELEC,Icon Parking - One Lincoln Plaza,New York,NY,10023,E,40.771626,-73.981032,US,POINT (-73.981032 40.771626)
ELEC,Icon Parking Independent - Tesla Destination,New York,NY,10021,E,40.766708,-73.955483,US,POINT (-73.955483 40.766708)
ELEC,"The Standard, High Line - Tesla Destination",New York,NY,10014,E,40.740939,-74.00824,US,POINT (-74.00824 40.740939)
ELEC,Apple Parking 332 W 11th Street - Tesla Destination,New York,NY,10014,E,40.735597,-74.007693,US,POINT (-74.007693 40.735597)
ELEC,Gramercy Plaza  - Parking Garage,New York,NY,10003,E,40.736217,-73.986665,US,POINT (-73.986665 40.736217)
ELEC,MPG 923 5th Ave - Tesla Destination,New York,NY,10021,E,40.773004,-73.966152,US,POINT (-73.966152 40.773004)
ELEC,Andaz Wall Street - Tesla Destination,New York,NY,10005,E,40.705115,-74.008089,US,POINT (-74.008089 40.705115)
ELEC,Champion Parking 113 LLC - Tesla Destination,New York,NY,10025,E,40.80443,-73.961373,US,POINT (-73.961373 40.80443)
ELEC,75 Park Place,New York,NY,10007,E,40.714463,-74.01098,US,POINT (-74.01098 40.714463)
ELEC,EVPassport - 200 E 24th St Garage,New York,NY,10010,E,40.739253,-73.982329,US,POINT (-73.9823287610015 40.7392528900457)
ELEC,Icon Parking - Hudson,New York,NY,10014,E,40.728704,-74.00765,US,POINT (-74.00765 40.728704)
ELEC,iPark NYC 88th Street Garage - Tesla Destination,New York,NY,10024,E,40.788008,-73.971611,US,POINT (-73.971611 40.788008)
ELEC,ABM Parking 750 Lexington Ave LLC - Tesla Destination,New York,NY,10022,E,40.76306,-73.968409,US,POINT (-73.968409 40.76306)
ELEC,Standard Parking 151 W 17th Street - Tesla Destination,New York,NY,10011,E,40.740243,-73.997591,US,POINT (-73.997591 40.740243)
ELEC,iPark NYC 75 Wall Street - Tesla Destination,New York,NY,10005,E,40.704776,-74.008276,US,POINT (-74.008276 40.704776)
ELEC,125 W 76th Street,New York,NY,10023,E,40.780398,-73.977729,US,POINT (-73.9777289 40.7803975)
ELEC,PANYNJ LGA E GARAGE W1,New York,NY,11371,E,40.770752,-73.866327,US,POINT (-73.866327 40.770752)
ELEC,Parkit 10 Wooster St. - Tesla Destination,New York,NY,10013,E,40.721658,-74.004402,US,POINT (-74.004402 40.721658)
ELEC,Tribeca Park,New York,NY,10282,E,40.717717,-74.015049,US,POINT (-74.015049 40.717717)
ELEC,Glenwood Grand Tier Parking - Tesla Destination,New York,NY,10023,E,40.772574,-73.981951,US,POINT (-73.981951 40.772574)
ELEC,iPark 386 E 48th Street - Tesla Destination,New York,NY,11248,E,40.7529,-73.967723,US,POINT (-73.967723 40.7529)
ELEC,142 E 31st St.,New York,NY,10016,E,40.74415,-73.98046,US,POINT (-73.98046 40.74415)
ELEC,Icon Parking 300 E 59th Street - Tesla Destination,New York,NY,10022,E,40.760462,-73.964086,US,POINT (-73.964086 40.760462)
ELEC,1 WATERLINE STATION#8,New York,NY,10069,E,40.772871,-73.992514,US,POINT (-73.992514 40.772871)
ELEC,191 East 71st Street,New York,NY,10021,E,40.76942,-73.76942,US,POINT (-73.76942 40.76942)
ELEC,iPark 10 West 15th - Tesla Destination,New York,NY,10011,E,40.737171,-73.994331,US,POINT (-73.994331 40.737171)
ELEC,Icon Parking 245 E 19th St. - Tesla Destination,New York,NY,10010,E,40.735608,-73.983111,US,POINT (-73.983111 40.735608)
ELEC,NYU NYU # 2,New York,NY,10012,E,40.728283,-73.997251,US,POINT (-73.997251 40.728283)
ELEC,Standard Parking 800 6th Ave - Tesla Destination,New York,NY,10001,E,40.745842,-73.990103,US,POINT (-73.990103 40.745842)
ELEC,Imperial Parking,New York,NY,10016,E,40.744011,-73.974115,US,POINT (-73.974115 40.744011)
ELEC,GMC Parking Garage - 200 Central,New York,NY,10019,E,40.766719,-73.979533,US,POINT (-73.979533 40.766719)
ELEC,iPark NYC Central Harlem Garage Corp. - Tesla Destination,New York,NY,10026,E,40.80155,-73.948499,US,POINT (-73.948499 40.80155)
ELEC,Eventi Hotel,New York,NY,10001,E,40.758681,-73.98135,US,POINT (-73.98135 40.758681)
ELEC,Standard Parking 21 East 15th Street - Tesla Destination,New York,NY,10003,E,40.736293,-73.991939,US,POINT (-73.991939 40.736293)
ELEC,AAA NORTHEAST STATION2B,New York,NY,10034,E,40.870879,-73.91255,US,POINT (-73.91255 40.870879)
ELEC,Icon Parking 240 East Broadway - Tesla Destination,New York,NY,10002,E,40.714821,-73.987138,US,POINT (-73.987138 40.714821)
ELEC,Icon Parking 1350 Avenue of the Americas - Tesla Destination,New York,NY,10019,E,40.762855,-73.977795,US,POINT (-73.977795 40.762855)
ELEC,Manhattan Plaza,New York,NY,10036,E,40.759223,-73.992703,US,POINT (-73.992703 40.759223)
ELEC,Rapidpark 124 W 20th Street - Tesla Destination,New York,NY,10011,E,40.741554,-73.995403,US,POINT (-73.995403 40.741554)
ELEC,Champion Parking W 53rd Street - Tesla Destination,New York,NY,10019,E,40.763279,-73.98086,US,POINT (-73.98086 40.763279)
ELEC,Quik Park 600 West 42nd Street (Silver Towers) LLC - Tesla Destination,New York,NY,10036,E,40.761018,-73.99878,US,POINT (-73.99878 40.761018)
ELEC,MB MANHATTAN MB MANHATTANDC1,New York,NY,10019,E,40.768066,-73.992778,US,POINT (-73.992778 40.768066)
ELEC,Icon Parking 35-39 East 61st Street - Tesla Destination,New York,NY,10021,E,40.764617,-73.969764,US,POINT (-73.969764 40.764617)
ELEC,Icon Parking 200 E 65th Street - Tesla Destination,New York,NY,10021,E,40.765108,-73.963389,US,POINT (-73.963389 40.765108)
ELEC,iPark NYC 555 West Garage Corp. - Tesla Destination,New York,NY,10011,E,40.749296,-74.006017,US,POINT (-74.006017 40.749296)
ELEC,Parkright 39 E 29th Street - Tesla Destination,New York,NY,10016,E,40.744244,-73.984116,US,POINT (-73.984116 40.744244)
ELEC,iPark 1510 Lex Garage Corp. - Tesla Destination,New York,NY,10029,E,40.787402,-73.950546,US,POINT (-73.950546 40.787402)
ELEC,Quikpark 43-08 Crescent Street - Tesla Destination,New York,NY,11101,E,40.748757,-73.943417,US,POINT (-73.943417 40.748757)
ELEC,300 W 135 St - Little Man Parking - Tesla Destination,New York,NY,10030,E,40.816777,-73.947435,US,POINT (-73.947435 40.816777)
ELEC,Icon Parking 150 Charles Street - Tesla Destination,New York,NY,10014,E,40.734006,-74.009079,US,POINT (-74.009079 40.734006)
ELEC,Icon Parking 11 5th Ave - Tesla Destination,New York,NY,10003,E,40.732085,-73.995829,US,POINT (-73.995829 40.732085)
ELEC,101 E 78th St,New York,NY,10075,E,40.774878,-73.960671,US,POINT (-73.960671 40.774878)
ELEC,Quik Park Columbia Garage LLC - Tesla Destination,New York,NY,10025,E,40.795624,-73.971961,US,POINT (-73.971961 40.795624)
ELEC,The Peninsula Hotel New York - Tesla Destination,New York,NY,10019,E,40.761589,-73.975211,US,POINT (-73.9752106 40.7615893)
ELEC,Icon Parking 169 W 95th Street - Tesla Destination,New York,NY,10025,E,40.793158,-73.970319,US,POINT (-73.970319 40.793158)
ELEC,Quik Park West 23rd Street Garage LLC - Tesla Destination,New York,NY,10011,E,40.746847,-74.001816,US,POINT (-74.001816 40.746847)
ELEC,59 Allen Street - Tesla Supercharger,New York,NY,10002,E,40.717153,-73.991869,US,POINT (-73.991869 40.717153)
ELEC,Icon 299 Peal Street Seaport Parking - Tesla Destination,New York,NY,10069,E,40.707679,-74.004687,US,POINT (-74.004687 40.707679)
ELEC,Prestige Parking Corp,New York,NY,10022,E,40.756518,-73.961074,US,POINT (-73.961074 40.756518)
ELEC,DOCK STATION 10,New York,NY,10001,E,40.757839,-73.984391,US,POINT (-73.984391 40.757839)
ELEC,MPG 201 E 56th - Tesla Destination,New York,NY,10022,E,40.759437,-73.96767,US,POINT (-73.96767 40.759437)
ELEC,Rapidpark 35 E 75th Street - Tesla Destination,New York,NY,10021,E,40.77364,-73.963722,US,POINT (-73.963722 40.77364)
ELEC,1 WATERLINE STATION#5,New York,NY,10069,E,40.772904,-73.992514,US,POINT (-73.992514 40.772904)
ELEC,Quik Park 311 West Broadway LLC - Tesla Destination,New York,NY,10013,E,40.721801,-74.004237,US,POINT (-74.004237 40.721801)
ELEC,305 East 80th Street,New York,NY,10075,E,40.77397,-73.9539,US,POINT (-73.9539 40.77397)
ELEC,Icon Parking - Patriot Parking,New York,NY,10013,E,40.719772,-74.010475,US,POINT (-74.010475 40.719772)
ELEC,Parkit 27 N Moore Street - Tesla Destination,New York,NY,10013,E,40.719869,-74.007447,US,POINT (-74.007447 40.719869)
ELEC,Icon Parking 524 East 73rd - Tesla Destination,New York,NY,10021,E,40.766736,-73.951891,US,POINT (-73.951891 40.766736)
ELEC,The Veneto,New York,NY,10022,E,40.756766,-73.967481,US,POINT (-73.967481 40.756766)
ELEC,iPark 59-63 Allen Street - Tesla Destination,New York,NY,10002,E,40.717143,-73.991597,US,POINT (-73.991597 40.717143)
ELEC,The Westport,New York,NY,10019,E,40.768211,-73.989479,US,POINT (-73.989479 40.768211)
ELEC,GGMC Parking 8 E 33rd St Garage - Tesla Destination,New York,NY,10016,E,40.747478,-73.98504,US,POINT (-73.98504 40.747478)
ELEC,iPark NYC 333 E 38th NYU - Tesla Destination,New York,NY,10016,E,40.746565,-73.971591,US,POINT (-73.971591 40.746565)
ELEC,Icon Parking 225 W 83 Street - Tesla Destination,New York,NY,10024,E,40.786099,-73.977303,US,POINT (-73.977303 40.786099)
ELEC,DSL Marketing and Energy Icon Parking,New York,NY,10019,E,40.761698,-73.978338,US,POINT (-73.978338 40.761698)
ELEC,551W21 SR Capital - Tesla Destination,New York,NY,10011,E,40.747437,-74.007111,US,POINT (-74.007111 40.747437)
ELEC,92746 CHARGEPOINT 1,New York,NY,10065,E,40.764935,-73.96063,US,POINT (-73.96063 40.764935)
